Population_Growth_Rate_(percentage),Real_GDP_per_Capita_USD,Median_Age,Total_Fertility_Rate,Expected_Years_of_Schooling_(years),Youth_Unemployment_Rate_percent,Country,Real_GDP_per_Capita_USD_original,Cluster
2.846,7.313886831633462,19.5,4.53,10.79014324,20.2,Afghanistan,1500.0,1
-0.711,9.581972891547895,34.3,1.55,14.51014996,27.8,Albania,14500.0,3
1.442,9.305741456739435,28.9,2.47,15.4951601,31.9,Algeria,11000.0,2
-1.599,9.32375833901174,27.2,2.13,13.33577728,16.5,American Samoa,11200.0,0
1.39,10.542732775946709,46.2,1.46,14.54279041,36.9,Andorra,37900.0,3
3.064,8.682877107057168,15.9,5.76,12.1676,18.5,Angola,5900.0,1
1.568,9.409273194575334,35.7,1.72,13.33577728,16.5,Anguilla,12200.0,0
0.5,9.857495968685136,32.7,1.94,15.50299899,16.5,Antigua and Barbuda,19100.0,0
0.349,9.975854724662028,32.4,2.17,18.83120918,29.9,Argentina,21500.0,3
2.789,9.561067663645012,36.6,1.65,14.3838501,36.1,Armenia,14200.0,2
0.131,10.568775236216993,39.9,1.82,13.33577728,16.5,Aruba,38900.0,3
0.985,10.815790343132422,37.5,1.73,20.65477943,10.8,Australia,49800.0,3
-0.124,10.898607948952096,44.5,1.51,16.28428078,11.4,Austria,54100.0,3
-0.26,9.575052927597383,32.6,1.86,12.90977955,16.5,Azerbaijan,14400.0,0
0.463,10.315630315397533,32.8,1.97,11.89137971,30.8,Bahamas,30200.0,2
2.311,10.807725945886109,32.9,1.66,15.92718983,9.9,Bahrain,49400.0,0
1.214,8.682877107057168,27.9,2.08,12.31016827,14.7,Bangladesh,5900.0,0
0.028,9.53249633228804,39.5,1.7,16.6280018,30.6,Barbados,13800.0,3
-0.653,9.893487720457795,40.9,1.52,13.71881008,11.3,Belarus,19800.0,3
0.253,10.853232402669228,41.6,1.77,18.99603081,19.6,Belgium,51700.0,3
1.455,9.082620630373812,23.9,2.59,11.98379993,19.3,Belize,8800.0,0
2.507,8.101980731853192,17.0,5.39,10.4464798,3.9,Benin,3300.0,1
-0.08,11.293537353157436,43.6,1.89,13.33577728,29.3,Bermuda,80300.0,3
0.692,9.296609807128359,29.1,1.77,13.15274184,18.8,Bhutan,10900.0,0
1.383,8.999742789830492,25.3,2.26,15.61065006,17.4,"Bolivia, Plurinational State of",8100.0,0
-0.59,9.661479683575521,43.3,1.37,13.16394043,32.9,Bosnia and Herzegovina,15700.0,3
1.638,9.60245002503719,25.7,2.37,11.42568016,41.2,Botswana,14800.0,2
0.881,9.53249633228804,31.85,1.955,13.33577728,16.5,Bouvet Island,13800.0,0
0.411,9.588845298501564,33.2,1.75,15.7927103,31.9,Brazil,14600.0,2
0.881,9.53249633228804,31.85,1.955,13.33577728,16.5,British Indian Ocean Territory,13800.0,0
0.837,11.003781759319981,31.1,1.74,13.69861984,23.4,Brunei Darussalam,60100.0,0
-0.517,10.102379394048045,43.7,1.51,15.3166399,14.2,Bulgaria,24400.0,3
2.26,7.696667081526462,17.9,4.14,8.733340263,7.7,Burkina Faso,2200.0,1
2.71,6.55250788703459,17.7,4.96,9.829423879,3.4,Burundi,700.0,1
0.491,8.716207971151853,26.8,2.11,11.36709717,34.3,Cabo Verde,6100.0,2
1.253,8.38958706681109,26.4,2.2,11.19789219,1.8,Cambodia,4400.0,0
2.643,8.216358332386156,18.5,4.5,10.79187965,6.6,Cameroon,3700.0,1
1.218,10.776891660007811,41.8,1.57,15.88825989,14.0,Canada,47900.0,3
1.966,9.53249633228804,40.5,1.82,13.33577728,13.8,Cayman Islands,13800.0,0
3.41,6.68586094706836,20.0,3.99,7.435767778,11.8,Central African Republic,800.0,1
5.71,7.244941546337007,16.1,5.35,8.347590231,2.4,Chad,1400.0,1
0.566,10.142543822310387,35.5,1.75,16.91242027,21.4,Chile,25400.0,3
-0.236,9.433563920090563,38.4,1.45,15.4787495,16.7,China,12500.0,3
0.881,9.53249633228804,31.85,1.955,13.33577728,16.5,Christmas Island,13800.0,0
0.881,9.53249633228804,31.85,1.955,13.33577728,16.5,Cocos (Keeling) Islands,13800.0,0
1.103,9.588845298501564,31.2,1.94,14.28641033,26.4,Colombia,14600.0,0
1.91,8.071218539969863,20.9,2.69,13.29446063,21.7,Comoros,3200.0,0
2.418,8.071218539969863,19.5,4.32,12.68194711,42.3,Congo,3200.0,2
3.264,7.00397413672268,16.7,5.56,10.91147386,10.1,"Congo, The Democratic Republic of the",1100.0,1
-3.586,9.65509029374725,38.3,2.04,13.33577728,16.5,Cook Islands,15600.0,3
0.492,8.575650760987806,20.3,3.47,16.34963687,5.7,Costa Rica,5300.0,0
-0.343,10.360944044643913,43.9,1.46,16.34815025,23.6,Croatia,31600.0,3
-0.351,9.417435838868785,42.1,1.71,13.87884045,7.4,Cuba,12300.0,3
0.036,9.942756341456828,36.7,1.97,13.33577728,42.2,Curaçao,20800.0,2
1.02,9.53249633228804,37.9,1.48,16.21559906,11.8,Cyprus,13800.0,3
-0.336,10.614007941153417,43.3,1.5,16.7935009,7.6,Czechia,40700.0,3
0.53,10.997104049659168,42.0,1.77,18.70401001,10.1,Denmark,59700.0,3
1.375,8.497194544909547,24.9,2.13,6.207350016,79.9,Djibouti,4900.0,2
-0.474,9.296609807128359,34.9,2.01,14.15099967,16.5,Dominica,10900.0,0
0.86,7.972810784121404,24.1,2.39,13.61692047,35.7,Dominican Republic,2900.0,2
0.868,9.278092474027002,28.8,2.02,14.85167027,14.2,Ecuador,10700.0,0
1.821,9.358846580275406,24.1,2.76,13.12716193,24.3,Egypt,11600.0,0
0.455,9.116139576577355,27.7,2.04,11.11291027,13.7,El Salvador,9100.0,0
2.389,9.588845298501564,20.3,4.19,12.49119511,18.3,Equatorial Guinea,14600.0,1
1.809,7.3783837129967145,20.3,3.5,7.336672297,14.6,Eritrea,1600.0,1
0.004,10.563620718477313,43.7,1.62,15.96786022,17.1,Estonia,38700.0,3
0.943,9.093918908958932,23.7,2.41,15.24604391,50.9,Eswatini,8900.0,2
2.585,7.741099090035366,19.8,3.92,9.217651571,5.7,Ethiopia,2300.0,1
-0.374,11.167628403875849,31.85,1.955,13.33577728,16.5,Falkland Islands (Malvinas),70800.0,3
1.329,10.596659732783579,37.2,2.28,13.33577728,16.5,Faroe Islands,40000.0,0
0.519,9.249657234353133,29.9,2.23,13.84869,18.1,Fiji,10400.0,0
0.388,10.811766273800105,42.8,1.74,19.49408913,18.1,Finland,49600.0,3
0.173,10.734242182303689,46.3,1.29,16.09511948,18.8,France,45900.0,3
1.687,9.53249633228804,31.85,1.955,13.33577728,16.5,French Guiana,13800.0,0
0.247,9.83097062169695,33.3,1.8,13.33577728,38.9,French Polynesia,18600.0,2
2.179,9.53249633228804,21.0,3.26,12.48275889,38.4,Gabon,13800.0,2
2.303,7.650168700845001,21.8,3.66,8.977899686,15.5,Gambia,2100.0,1
0.018,9.648659816955295,38.6,1.75,16.75470924,28.3,Georgia,15500.0,3
0.349,10.843514342086866,47.8,1.58,17.30921936,7.5,Germany,51200.0,3
1.897,8.594339400592892,21.4,3.61,11.41845989,9.6,Ghana,5400.0,1
2.332,11.03005541721757,35.5,1.9,13.33577728,16.5,Gibraltar,61700.0,0
-2.077,10.292179440058462,45.3,1.4,20.84550095,36.9,Greece,29500.0,3
-0.141,10.640675541671662,34.3,1.9,13.33577728,16.5,Greenland,41800.0,3
0.126,9.525224101853109,33.3,1.92,16.57728919,16.5,Grenada,13700.0,3
0.779,10.480129006333248,29.4,2.76,13.33577728,15.3,Guam,35600.0,0
1.549,9.093918908958932,23.2,2.57,10.67763042,7.2,Guatemala,8900.0,0
0.475,10.868587496017359,44.3,1.59,13.33577728,15.8,Guernsey,52500.0,3
2.445,9.53249633228804,19.1,4.82,10.39330626,8.2,Guinea,13800.0,1
2.234,8.160803920954665,18.0,4.65,10.63534621,5.0,Guinea-Bissau,3500.0,1
0.552,9.994287576862567,27.5,2.06,13.02205765,29.9,Guyana,21900.0,2
1.165,9.53249633228804,24.1,2.79,10.89635878,16.5,Haiti,13800.0,0
0.881,9.53249633228804,31.85,1.955,13.33577728,16.5,Heard Island and McDonald Islands,13800.0,0
-1.816,9.53249633228804,31.85,1.955,13.33577728,16.5,Holy See (Vatican City State),13800.0,0
1.701,8.630700432209832,24.4,1.98,10.16220647,15.5,Honduras,5600.0,0
-0.259,9.53249633228804,45.6,1.23,16.89586067,15.0,Hong Kong,13800.0,3
0.067,10.422311107413181,43.6,1.49,15.46940041,13.5,Hungary,33600.0,3
1.642,10.889323003601277,37.1,1.95,18.85058975,13.4,Iceland,53600.0,3
0.885,8.79497643168877,28.7,2.07,12.95454025,28.3,India,6600.0,2
0.828,9.38437770918244,31.1,1.99,13.33577728,16.1,Indonesia,11900.0,0
1.117,9.61587214452889,31.7,1.92,13.96833061,27.2,"Iran, Islamic Republic of",15000.0,0
2.147,9.105090961257085,21.2,3.17,12.35940135,27.2,Iraq,9000.0,2
1.185,11.537627833610571,37.8,1.91,19.1848793,17.4,Ireland,102500.0,3
0.018,11.345701365855424,44.6,1.88,13.33577728,10.1,Isle of Man,84600.0,3
1.415,10.647826772357497,30.4,2.54,14.93416023,8.8,Israel,42100.0,0
-0.216,10.643064971973882,46.5,1.24,16.71419907,30.9,Italy,41900.0,3
0.003,9.169622538697624,29.4,2.05,12.3833955,26.1,Jamaica,9600.0,0
-0.482,10.579005242826247,48.6,1.39,15.51198006,4.1,Japan,39300.0,3
0.177,10.943781931879723,37.5,1.66,13.33577728,15.8,Jersey,56600.0,3
1.604,9.127067452782361,23.5,2.91,13.1090498,40.5,Jordan,9200.0,2
1.319,10.169728906753061,31.6,2.08,14.0086174,3.7,Kazakhstan,26100.0,0
1.972,8.45553053102413,20.0,3.23,11.47407573,13.8,Kenya,4700.0,1
1.504,7.550135342488429,25.7,2.18,11.87390648,22.5,Kiribati,1900.0,0
0.319,7.438971592395862,34.6,1.89,12.20215329,6.1,"Korea, Democratic People's Republic of",1700.0,0
-0.041,10.69650269224425,43.2,1.11,16.6186409,7.8,"Korea, Republic of",44200.0,3
1.875,10.689692377847104,29.7,2.22,15.90424029,25.5,Kuwait,43900.0,0
1.614,8.476579508530941,27.3,2.47,12.71388245,19.3,Kyrgyzstan,4800.0,0
1.375,8.962007209588313,24.0,2.3,9.605483055,3.3,Lao People's Democratic Republic,7800.0,0
-0.287,10.376642461280849,44.4,1.55,16.48265076,15.5,Latvia,32100.0,3
0.426,9.472781556562168,33.7,1.71,11.68299961,29.6,Lebanon,13000.0,2
1.123,7.741099090035366,24.7,2.88,10.98659352,37.4,Lesotho,2300.0,2
2.198,7.244941546337007,18.0,4.73,10.46585369,3.2,Liberia,1400.0,1
1.01,9.99884318585288,25.8,3.04,12.92465677,50.5,Libya,22000.0,2
0.697,11.170449240431308,43.7,1.69,15.41257954,9.1,Liechtenstein,71000.0,3
0.891,10.579005242826247,44.5,1.61,16.45467949,19.0,Lithuania,39300.0,3
1.235,11.658764556186767,39.5,1.63,14.35795021,15.2,Luxembourg,115700.0,3
1.388,11.079076314320059,40.8,1.23,13.33577728,9.2,Macao,64800.0,3
2.452,7.313886831633462,20.3,3.55,9.062584503,4.8,Madagascar,1500.0,1
2.574,7.313886831633462,16.8,3.3,9.902591705,9.9,Malawi,1500.0,1
1.241,10.177362240256695,29.2,1.74,12.67639256,15.6,Malaysia,26300.0,0
0.323,9.841665338892785,29.5,1.7,12.76840687,17.7,Maldives,18800.0,0
2.972,7.650168700845001,16.0,5.45,7.011331533,17.3,Mali,2100.0,1
1.29,10.707751151716078,42.3,1.51,15.90985012,9.8,Malta,44700.0,3
-3.323,8.699681400989514,23.8,2.72,16.38606071,26.0,Marshall Islands,6000.0,0
2.95,8.575650760987806,21.0,3.46,7.949540636,23.0,Mauritania,5300.0,1
-0.168,9.53249633228804,36.3,1.35,14.16282114,25.3,Mauritius,13800.0,3
0.877,9.857495968685136,29.3,1.73,14.46811008,8.1,Mexico,19100.0,0
0.466,8.101980731853192,26.3,2.22,11.54008512,18.9,"Micronesia, Federated States of",3300.0,0
-0.89,9.546884034617925,37.7,1.59,14.63856847,8.6,"Moldova, Republic of",14000.0,3
-0.922,11.658764556186767,55.4,1.53,21.6872406,26.6,Monaco,115700.0,3
1.302,9.367429587218957,29.8,1.89,13.6376543,21.0,Mongolia,11700.0,0
1.857,9.933094897288786,39.6,1.81,15.53652954,31.6,Montenegro,20600.0,3
-0.701,9.53249633228804,34.8,1.32,13.33577728,16.5,Montserrat,13800.0,0
1.001,8.999742789830492,29.1,2.27,15.07499027,27.2,Morocco,8100.0,0
2.941,7.0909098220799835,17.0,4.74,10.84830885,8.1,Mozambique,1200.0,1
0.69,8.294299608857235,29.2,2.0,11.50456047,6.4,Myanmar,4000.0,0
2.366,9.53249633228804,22.5,3.29,11.78505588,16.5,Namibia,13800.0,0
0.505,9.38437770918244,27.0,2.58,12.84263763,26.6,Nauru,11900.0,0
-0.139,8.24301946898925,25.3,1.88,13.75430393,9.5,Nepal,3800.0,0
0.807,10.943781931879723,42.8,1.77,18.58485031,9.6,Netherlands,56600.0,3
0.966,10.482933978579906,32.9,1.84,13.33577728,41.0,New Caledonia,35700.0,2
0.83,9.53249633228804,37.2,1.9,19.30005074,16.5,New Zealand,13800.0,3
1.362,8.630700432209832,27.3,1.78,11.51021957,11.6,Nicaragua,5600.0,0
3.307,7.0909098220799835,14.8,6.73,8.308919801,1.0,Niger,1200.0,1
2.096,8.497194544909547,18.6,4.57,10.51407,19.6,Nigeria,4900.0,1
-0.275,9.314790473332646,31.85,1.955,13.33577728,16.5,Niue,11100.0,0
0.881,9.53249633228804,31.85,1.955,13.33577728,16.5,Norfolk Island,13800.0,0
-0.468,9.711176264112805,39.0,1.52,14.78143978,34.1,North Macedonia,16500.0,3
-2.105,10.106469212026385,32.8,2.59,13.33577728,16.5,Northern Mariana Islands,24500.0,3
1.109,11.119897691565697,39.5,1.83,18.79285049,13.0,Norway,67500.0,3
4.591,10.442929787247998,26.2,2.67,13.43931961,14.6,Oman,34300.0,0
1.48,8.556606193773073,22.0,3.39,7.89510849,9.4,Pakistan,5200.0,1
-0.231,9.53249633228804,33.9,1.7,14.06742382,5.6,Palau,13800.0,0
1.524,8.630700432209832,19.85,3.44,12.99800968,39.6,"Palestine, State of",5600.0,2
1.289,10.275085591132715,30.1,2.37,13.3116098,30.0,Panama,29000.0,2
1.798,8.216358332386156,24.0,3.85,11.51107187,5.3,Papua New Guinea,3700.0,1
1.245,9.525224101853109,29.7,1.88,13.98706964,16.3,Paraguay,13700.0,0
1.118,9.433563920090563,29.1,2.18,14.90939376,11.2,Peru,12500.0,0
0.835,8.999742789830492,25.7,2.95,12.81904666,7.3,Philippines,8100.0,0
0.881,9.53249633228804,31.85,1.955,13.33577728,16.5,Pitcairn,13800.0,0
-0.264,10.460270761075149,41.9,1.41,16.67827988,13.4,Poland,34900.0,3
-0.002,10.425282789490705,44.6,1.44,17.48682022,23.1,Portugal,33700.0,3
0.124,10.392098241730961,43.6,1.25,13.33577728,18.5,Puerto Rico,32600.0,3
2.24,11.439289689006644,33.7,1.9,13.14116001,1.1,Qatar,92900.0,0
-0.53,10.335302435967074,42.5,1.63,14.05288029,20.6,Romania,30800.0,3
-0.323,10.239995502805316,40.3,1.6,13.18515015,16.9,Russian Federation,28000.0,3
2.177,7.696667081526462,19.7,3.23,12.59045029,2.9,Rwanda,2200.0,1
1.66,9.53249633228804,47.0,1.64,13.33577728,16.5,Saint Barthélemy,13800.0,3
-1.116,8.962007209588313,44.7,1.61,13.33577728,16.5,"Saint Helena, Ascension and Tristan da Cunha",7800.0,3
0.192,10.184937747111391,38.1,1.76,18.40703011,16.5,Saint Kitts and Nevis,26500.0,3
0.266,9.472781556562168,39.0,1.72,12.73040962,38.7,Saint Lucia,13000.0,2
-5.398,9.867912187022208,34.0,1.8,13.33577728,16.5,Saint Martin (French part),19300.0,3
-0.968,10.740756721857226,50.6,1.59,13.33577728,16.5,Saint Pierre and Miquelon,46200.0,3
-0.704,9.525224101853109,37.0,1.74,16.2530213,41.1,Saint Vincent and the Grenadines,13700.0,2
0.627,8.612685172875459,26.9,2.37,12.4364,19.7,Samoa,5500.0,0
-0.744,10.94024216782542,45.9,1.53,14.59976717,27.4,San Marino,56400.0,3
2.004,8.31898612539206,20.4,3.44,12.8567099,22.9,Sao Tome and Principe,4100.0,1
2.387,10.698762529141884,32.0,1.89,16.94943047,28.8,Saudi Arabia,44300.0,3
2.329,7.8636512654486515,19.0,4.17,9.142709732,8.2,Senegal,2600.0,1
-0.439,9.893487720457795,43.7,1.46,15.04216003,30.4,Serbia,19800.0,3
1.964,10.268165387743457,38.2,1.81,18.22489929,16.5,Seychelles,28800.0,3
2.184,7.3783837129967145,19.2,3.71,9.064124575,10.8,Sierra Leone,1600.0,1
0.807,11.571203807011969,38.9,1.17,16.74227905,9.1,Singapore,106000.0,3
1.436,10.471666571132038,41.1,1.98,13.33577728,16.5,Sint Maarten (Dutch part),35300.0,3
0.055,10.370392636243981,42.5,1.6,14.94684982,21.5,Slovakia,31900.0,3
0.078,10.596659732783579,45.9,1.6,17.47717094,13.9,Slovenia,40000.0,3
2.383,7.783640596221253,24.8,2.82,11.31304207,1.9,Solomon Islands,2400.0,1
3.565,7.00397413672268,19.0,5.22,7.486165162,34.7,Somalia,1100.0,1
1.315,9.495594499353297,30.1,2.31,13.79325008,64.2,South Africa,13300.0,2
0.881,9.53249633228804,31.85,1.955,13.33577728,16.5,South Georgia and the South Sandwich Islands,13800.0,0
5.862,7.3783837129967145,18.7,5.2,5.634770141,21.0,South Sudan,1600.0,1
0.018,10.434145214930487,46.3,1.29,17.83031082,16.5,Spain,34000.0,3
0.582,9.503084610020228,33.9,2.14,13.12815666,26.1,Sri Lanka,13400.0,0
0.023,8.216358332386156,19.1,4.54,8.620371878,35.6,Sudan,3700.0,1
0.909,9.60245002503719,31.6,1.91,10.95909977,30.5,Suriname,14800.0,2
0.881,9.53249633228804,31.85,1.955,13.33577728,16.5,Svalbard and Jan Mayen,13800.0,0
0.561,10.911463720944793,41.0,1.67,18.99147034,24.5,Sweden,54800.0,3
0.62,9.53249633228804,44.0,1.59,16.66753006,9.1,Switzerland,13800.0,3
4.917,7.972810784121404,23.9,2.74,7.418754527,26.2,Syrian Arab Republic,2900.0,1
-0.453,10.774801838762809,44.0,1.09,13.33577728,16.5,"Taiwan, Province of China",47800.0,3
1.962,8.268988209506656,22.7,3.6,10.84980801,17.4,Tajikistan,3900.0,1
2.884,7.8636512654486515,18.9,4.33,8.585740089,4.6,"Tanzania, United Republic of",2600.0,1
-0.037,9.746892220313054,41.0,1.54,15.35883492,7.0,Thailand,17100.0,3
1.075,8.517393171418904,20.3,4.09,13.25306303,13.8,Timor-Leste,5000.0,1
2.323,7.650168700845001,20.5,4.18,13.09642387,9.7,Togo,2100.0,1
-0.418,8.716207971151853,25.4,2.7,17.78693018,11.1,Tonga,6100.0,0
0.376,10.043292972227004,38.0,1.63,14.23764336,12.7,Trinidad and Tobago,23000.0,3
0.653,9.249657234353133,34.0,1.96,14.67349856,38.3,Tunisia,10400.0,2
1.8,9.61587214452889,30.7,2.03,13.24057961,11.0,Turkmenistan,15000.0,0
0.745,9.825580063659602,35.9,1.7,13.33577728,16.5,Turks and Caicos Islands,18500.0,0
-1.803,8.497194544909547,27.5,2.81,12.37506862,20.6,Tuvalu,4900.0,0
0.232,10.357774570341576,33.6,1.91,19.8307991,24.3,Türkiye,31500.0,3
2.777,7.696667081526462,16.1,5.26,11.56404819,4.3,Uganda,2200.0,1
-1.546,9.278092474027002,45.3,1.22,13.32800961,16.5,Ukraine,10700.0,3
3.704,11.151969943847991,35.7,1.62,15.60159016,10.7,United Arab Emirates,69700.0,0
0.699,10.740756721857226,40.6,1.63,17.81106949,11.2,United Kingdom,46200.0,3
0.584,11.06195554002416,38.5,1.84,15.92300034,8.6,United States,63700.0,3
-0.036,10.034559673629849,36.2,1.75,17.4839592,32.9,Uruguay,22800.0,3
2.009,8.94910546953925,28.7,2.92,12.46086979,16.0,Uzbekistan,7700.0,0
2.295,7.937731775260109,24.2,2.59,11.81160992,5.4,Vanuatu,2800.0,1
0.354,8.949624747754216,30.8,2.2,12.96537654,14.9,"Venezuela, Bolivarian Republic of",7704.0,0
0.644,9.268703615273097,32.7,2.04,15.45771503,7.2,Viet Nam,10600.0,0
1.755,10.440010162389305,37.2,1.37,13.33577728,16.5,"Virgin Islands, British",34200.0,0
-0.929,10.518700218288165,42.7,1.98,13.33577728,27.0,"Virgin Islands, U.S.",37000.0,3
-0.888,8.24301946898925,35.8,1.71,13.33577728,16.5,Wallis and Futuna,3800.0,0
3.029,7.824445930877619,21.6,2.91,7.494902735,25.5,Yemen,2500.0,1
2.833,8.071218539969863,18.2,4.49,11.02052892,26.1,Zambia,3200.0,1
1.684,7.650168700845001,21.0,3.51,11.05745312,7.3,Zimbabwe,2100.0,1
0.881,9.38437770918244,31.85,1.955,13.33577728,48.8,nan,11900.0,2
1.882,9.53249633228804,31.85,1.955,13.33577728,16.5,Western Sahara,13800.0,0
3.314,9.53249633228804,31.85,1.955,13.33577728,16.5,Mayotte,13800.0,0
0.881,9.53249633228804,31.85,1.955,13.33577728,16.5,Antarctica,13800.0,0
0.881,9.53249633228804,31.85,1.955,13.33577728,16.5,United States Minor Outlying Islands,13800.0,0
-0.824,9.53249633228804,31.85,1.955,13.33577728,16.5,Martinique,13800.0,0
4.631,9.53249633228804,31.85,1.955,13.33577728,16.5,Tokelau,13800.0,0
0.881,9.53249633228804,31.85,1.955,13.33577728,16.5,French Southern Territories,13800.0,0
-0.404,9.53249633228804,31.85,1.955,13.33577728,16.5,Guadeloupe,13800.0,0
0.41,9.53249633228804,31.85,1.955,13.33577728,16.5,Réunion,13800.0,0
2.452,9.53249633228804,31.85,1.955,11.41112995,16.5,Côte d'Ivoire,13800.0,0
2.846,9.53249633228804,31.85,1.955,13.33577728,16.5,"Bonaire, Sint Eustatius and Saba",13800.0,0
0.881,9.53249633228804,31.85,1.955,13.33577728,16.5,Åland Islands,13800.0,0
