Country,telephone_fixed_subscriptions_total,mobile_cellular_subscriptions_total,internet_country_code,internet_users_total,broadband_fixed_subscriptions_total
AFGHANISTAN,150000,23000000,.af,7020000,26570
AKROTIRI,,,,,
ALBANIA,197690,2635466,.al,2291000,508937
ALGERIA,5097095,47028685,.dz,31240000,3790459
AMERICAN SAMOA,10000,2250,.as,18135,
ANDORRA,19075931,56805348,.es,44180000,16188502
ANGOLA,119826,15327864,.ao,11550000,230610
ANGUILLA,6000,26000,.ai,13056,5000
ANTARCTICA,,,.aq,4400,
ANTIGUA AND BARBUDA,27000,180000,.ag,89280,8000
ARCTIC OCEAN,,,,,
ARGENTINA,6903068,59065827,.ar,39150000,9571562
ARMENIA,418122,3599278,.am,2212000,430407
ARUBA,35000,140000,.aw,106800,19000
ASHMORE AND CARTIER ISLANDS,,,,,
ATLANTIC OCEAN,,,,,
AUSTRALIA,7180000,28270000,.au,22310000,8470000
AUSTRIA,3808709,10882217,.at,8276999,2606000
AZERBAIJAN,1644300,10817071,.az,8600000,1995474
"BAHAMAS, THE",91000,466000,.bs,385400,83000
BAHRAIN,266741,1923443,.bh,1500000,148928
BANGLADESH,587476,181021227,.bd,66300000,10052819
BARBADOS,120980,316633,.bb,240800,128000
BELARUS,4332754,11760087,.by,8352000,3255552
BELGIUM,3293420,11740118,.be,10920000,4734210
BELIZE,19000,260000,.bz,248000,36000
BENIN,11493,12731782,.bj,4420000,29981
BERMUDA,25000,68000,.bm,64000,23000
BHUTAN,19680,778008,.bt,670800,3189
BOLIVIA,539481,12033941,.bo,7920000,931918
BOSNIA AND HERZEGOVINA,689295,3728775,.ba,2508000,770424
BOTSWANA,132457,4160553,.bw,1924000,259525
BOUVET ISLAND,,,.bv,,
BRAZIL,33700000,207046813,.br,140908998,31500000
BRITISH INDIAN OCEAN TERRITORY,,,,,
BRITISH VIRGIN ISLANDS,7000,35000,.vg,24087,6738
BRUNEI,112298,603486,.bn,441000,71078
BULGARIA,787637,7902756,.bg,5175000,2115053
BURKINA FASO,81374,24678315,.bf,4840000,13979
BURMA,522141,67930093,.mm,23760000,688185
BURUNDI,15976,7740494,.bi,754000,4230
CABO VERDE,53586,590171,.cv,413000,24839
CAMBODIA,40296,19899790,.kh,10200000,233732
CAMEROON,739572,22442414,.cm,12420000,722579
CANADA,13470000,35960000,.ca,33950632,15390000
CAYMAN ISLANDS,,,,,
CENTRAL AFRICAN REPUBLIC,2000,1800000,.cf,605000,499
CHAD,5300,10000000,.td,3060000,
CHILE,2510972,26571823,.cl,17100000,3763826
CHINA,182835000,1750460000,.cn,1010740000,483550000
CHRISTMAS ISLAND,,,.cx,1139,
CLIPPERTON ISLAND,,,,,
COCOS (KEELING) ISLANDS,,,.cc,80 (percentage),
COLOMBIA,7600000,75000000,.co,37960000,7764772
COMOROS,7431,853449,.km,221400,1066
"CONGO, DEMOCRATIC REPUBLIC OF THE",47,47000000,.cd,21102720,31000
"CONGO, REPUBLIC OF THE",17000,5558658,.cg,1794390,1000
COOK ISLANDS,7000,17000,.ck,11382,2700
CORAL SEA ISLANDS,,,,,
COSTA RICA,265513,44561505,.ci,12150000,260097
CROATIA,1268941,4402213,.hr,3321000,1030973
CUBA,1539269,7103296,.cu,7810000,231654
CURACAO,53000,170000,.cw,111956,55000
CYPRUS,,,,,
CZECHIA,1294806,13129905,.cz,9130000,3845426
DENMARK,706604,7287875,.dk,5841000,2590282
DHEKELIA,,,,,
DJIBOUTI,27326,489339,.dj,759000,25053
DOMINICA,7500,62000,.dm,58320,16000
DOMINICAN REPUBLIC,6000,7300000,.ht,4290000,31000
ECUADOR,1846666,16789600,.ec,13680000,2371297
EGYPT,11030900,103449427,.eg,79200000,9349469
EL SALVADOR,856090,11071073,.sv,3969000,586000
EQUATORIAL GUINEA,11000,650000,.gq,864000,1000
ERITREA,66000,1800000,.er,792000,5000
ESTONIA,296620,1980838,.ee,1183000,415610
ESWATINI,46000,1400000,.sz,708000,12000
ETHIOPIA,890000,65000000,.et,20400000,212000
EUROPEAN UNION,160149025,540557924,.eu;,389063826,163772540
FALKLAND ISLANDS (ISLAS MALVINAS),2000,6000,.fk,3762,1000
FAROE ISLANDS,15000,59000,.fo,51728,18443
FIJI,49000,990000,.fj,500000,23062
FINLAND,207000,7000000,.fi,5115000,1846000
FRANCE,35500000,73830000,.fr,60421689,31520000
FRENCH POLYNESIA,108051,322918,.pf,218100,64000
FRENCH SOUTHERN AND ANTARCTIC LANDS,,,.tf,,
GABON,31708,3144609,.ga,1656000,44607
"GAMBIA, THE",60000,27000000,.gm,858000,5000
GAZA STRIP,485829,4052966,.ps;,3602452,376911
GEORGIA,337923,5163558,.ge,2888000,986809
GERMANY,38800000,107200000,.de,79127551,37736000
GHANA,315271,40454073,.gh,22440000,78371
GIBRALTAR,17000,34000,.gi,31152,21009
GREECE,4913036,11494008,.gr,7800000,4257026
GREENLAND,6352,66605,.gl,38920,15649
GRENADA,26000,100000,.gd,93600,32000
GUAM,70000,98000,.gu,136850,3000
GUATEMALA,2319643,22124839,.gt,9180000,612000
GUERNSEY,33930,71485,.gg,55069,25336
GUINEA,,,,,
GUINEA-BISSAU,261440,19859981,.sn,9860000,153813
GUYANA,130000,860000,.gy,680000,95000
HAITI,,,,,
HEARD ISLAND AND MCDONALD ISLANDS,,,.hm,,
HOLY SEE (VATICAN CITY),,,.va,383,
HONDURAS,465521,7560710,.hn,4800000,396916
HONG KONG,,,,,
HUNGARY,2955979,10248653,.hu,8633000,
ICELAND,100482,437270,.is,370000,141816
INDIA,20090000,1166310000,.in,560000000,23000000
INDIAN OCEAN,,,,,
INDONESIA,8998814,365872608,.id,167400000,11722218
IRAN,29306782,135899424,.ir,69520000,9564195
IRAQ,3048736,37649112,.iq,21560000,6254099
IRELAND,1595061,5373865,.ie,4750000,1516473
ISLE OF MAN,,,.im,,
ISRAEL,3500000,12500000,.il,8010000,2602079
ITALY,19994902,78114933,.it,44250000,18128787
JAMAICA,473617,2905408,.jm,2296000,385603
JAN MAYEN,,,,,
JAPAN,61210000,204700000,.jp,116565962,43730000
JERSEY,48122,124083,.je,96038,39699
JORDAN,427517,7275563,.jo,9130000,630545
KAZAKHSTAN,2997400,24323000,.kz,17290000,2620400
KENYA,61096,65085720,.ke,15370000,674191
KIRIBATI,10,54527,.ki,70200,185
"KOREA, NORTH",1200000,6000000,.kp,,
"KOREA, SOUTH",23213189,72855492,.kr,50960000,22327182
KOSOVO,383763,1777859,.xk;,1756300,
KUWAIT,580000,6918180,.kw,4300000,73948
KYRGYZSTAN,300000,8500000,.kg,5070000,289000
LAOS,1300195,4822973,.la,4588000,128000
LATVIA,191798,2161725,.lv,1729000,490569
LEBANON,880000,4300000,.lb,4872000,432070
LESOTHO,9559,1821374,.ls,1104000,5060
LIBERIA,6000,1700000,.lr,1768000,13000
LIBYA,1600000,2900000,.ly,3095400,332000
LIECHTENSTEIN,2956500,11060700,.ch,8352000,4028238
LITHUANIA,290711,3726653,.lt,2436000,796814
LUXEMBOURG,270000,880000,.lu,633600,235155
MACAU,110000,2800000,.mo,607200,208000
MADAGASCAR,26271,16279633,.mg,5800000,32000
MALAWI,12465,11940135,.mw,4800000,12255
MALAYSIA,8247100,47201700,.my,32979999,3358800
MALDIVES,14005,706043,.mv,447200,63685
MALI,301055,21882251,.ml,7480000,243806
MALTA,259439,644955,.mt,461100,213419
MARSHALL ISLANDS,2361,16000,.mh,16254,1000
MAURITANIA,58094,6512361,.mr,2714000,18457
MAURITIUS,,,,,
MEXICO,24366595,123920752,.mx,98800000,21936131
"MICRONESIA, FEDERATED STATES OF",7000,22000,.fm,44000,6000
MOLDOVA,1000228,3900179,.md,1891000,719001
MONACO,42812,36255,.mc,31820,20877
MONGOLIA,399237,4687304,.mn,2772000,307166
MONTENEGRO,189519,1120074,.me,516600,184176
MONTSERRAT,,,,,
MOROCCO,2460155,52012000,.ma,32560000,2102434
MOZAMBIQUE,59682,13686234,.mz,5440000,70000
NAMIBIA,,,,,
NAURU,10000,10000,.nr,10920,950
NAVASSA ISLAND,,,,,
NEPAL,730000,38000000,.np,15600000,1270000
NETHERLANDS,5024000,21888000,.nl,16559999,7525016
NEW CALEDONIA,46000,260000,.nc,237800,55000
NEW ZEALAND,,,,,
NICARAGUA,207577,6233864,.ni,3933000,290351
NIGER,58000,14000000,.ne,5500000,12000
NIGERIA,106385,195128265,.ng,115500000,65313
NIUE,1000,,.nu,1512,
NORFOLK ISLAND,,,.nf,806,
NORTH MACEDONIA,425646,1941352,.mk,1743000,475569
NORTHERN MARIANA ISLANDS,20000,20474,.mp,12299,
NORWAY,350000,5800000,.no,5346000,2387661
OMAN,572166,6115537,.om,4320000,508949
PACIFIC OCEAN,,,,,
PAKISTAN,2989133,188711452,.pk,48300000,2523027
PALAU,8000,24000,.pw,6696,1224
PANAMA,790486,6003255,.pa,2992000,562413
PAPUA NEW GUINEA,170000,4800000,.pg,3168000,21000
PARACEL ISLANDS,,,,,
PARAGUAY,203971,7975074,.py,5159000,562369
PERU,2266025,43129394,.pe,24140000,3044000
PHILIPPINES,5028018,163345244,.ph,58300000,7936574
PITCAIRN ISLANDS,,,.pn,37 (percentage),
POLAND,5308497,50588785,.pl,32299999,8369218
PORTUGAL,5318750,12476165,.pt,8199999,4160795
PUERTO RICO,726739,3661176,.pr,2564100,671284
QATAR,460240,3876499,.qa,2700000,296126
ROMANIA,2606000,22929000,.ro,15960000,5684782
RUSSIA,24000000,250000000,.ru;,132000000,33893305
RWANDA,11893,10902989,.rw,3900000,17685
SAINT BARTHELEMY,,,.bl;,7077,
"SAINT HELENA, ASCENSION, AND TRISTAN DA CUNHA",4000,4000,.sh;,2287,1000
SAINT KITTS AND NEVIS,16000,57000,.kn,37920,30000
SAINT LUCIA,14000,170000,.lc,140400,33000
SAINT MARTIN,68840,68840,.mf;,19284,
SAINT PIERRE AND MIQUELON,4800,,.pm,5099,
SAINT VINCENT AND THE GRENADINES,11385,114892,.vc,85000,24733
SAMOA,6000,69000,.ws,171600,1692
SAN MARINO,16000,40000,.sm,25500,11000
SAO TOME AND PRINCIPE,2619,189239,.st,112200,2512
SAUDI ARABIA,6594631,45427321,.sa,36000000,7890261
SENEGAL,0,13795000,.gn,4900000,1000
SERBIA,2540276,8501519,.rs,5589000,1730496
SEYCHELLES,18768,184161,.sc,90200,34966
SIERRA LEONE,269,8227093,.sl,1047499,
SINGAPORE,1887500,8660700,.sg,5369000,1509700
SINT MAARTEN,68840,68840,.sx;,39089,
SLOVAKIA,577390,7362325,.sk,4806000,1701561
SLOVENIA,695444,2607268,.si,1869000,651604
SOLOMON ISLANDS,7000,470000,.sb,255600,1000
SOMALIA,91000,8844000,.so,2465000,119000
SOUTH AFRICA,1472191,100328005,.za,42480000,1303057
SOUTH GEORGIA AND SOUTH SANDWICH ISLANDS,,,,,
SOUTH SUDAN,3,3300000,.ss,869000,200
SOUTHERN OCEAN,,,,,
SPAIN,3000,5000,.ms,2473,2700
SPRATLY ISLANDS,,,,,
SRI LANKA,2869186,30764134,.lk,14740000,1781530
SUDAN,129408,16688773,.sd,13248000,28782
SURINAME,119977,906170,.sr,402600,92270
SVALBARD,,,.sj,,
SWEDEN,1382146,12843683,.se,8800000,4179574
SWITZERLAND,,,,,
SYRIA,2821171,16990714,.sy,8492468,1549356
TAIWAN,13000000,30000000,.tw,21600000,5831470
TAJIKISTAN,500000,12000000,.tj,3009054,6000
TANZANIA,72000,54000000,.tz,20480000,1135608
THAILAND,4600000,120000000,.th,61200000,11478265
TIMOR-LESTE,1900,1400000,.tl,507000,75
TOGO,54000,6300000,.tg,3010000,52706
TOKELAU,300,,.tk,800,
TONGA,11000,64000,.to,73700,5000
TRINIDAD AND TOBAGO,340000,2000000,.tt,1185000,376771
TUNISIA,1700000,16000000,.tn,9480000,1334059
TURKEY (TURKIYE),12000000,86000000,.tr,68850000,16734853
TURKMENISTAN,800000,6300000,.tm,1563023,10000
TURKS AND CAICOS ISLANDS,4000,25085,.tc,37008,
TUVALU,2000,9000,.tv,7920,450
UGANDA,110000,30000000,.ug,4600000,58594
UKRAINE,2300000,56000000,.ua,34596356,7769401
UNITED ARAB EMIRATES,2200000,18000000,.ae,9400000,3245123
UNITED KINGDOM,26900000,80220000,.uk,65001016,27050000
UNITED STATES,107280000,496800000,.us,311870000,119870000
UNITED STATES PACIFIC ISLAND WILDLIFE REFUGES,,,,,
URUGUAY,1200000,4700000,.uy,3060000,1063701
UZBEKISTAN,3470097,35000000,.uz,26180000,4820009
VANUATU,3600,250000,.vu,211200,2785
VENEZUELA,3200000,17000000,.ve,22734162,2561556
VIETNAM,3100000,140000000,.vn,71780000,16699249
VIRGIN ISLANDS,76000,80000,.vi,67508,
WAKE ISLAND,,,,,
WALLIS AND FUTUNA,3000,0,.wf,5496,
WEST BANK,485829,4052966,.ps;,3938199,373050
WORLD,901317598,8,,5.3 (percentage),1
YEMEN,1200000,15000000,.ye,8229624,391000
ZAMBIA,66000,20000000,.zm,3990000,82317
ZIMBABWE,243421,14257590,.zw,5600000,203461
